{"projectname":"family-plan-weapp","setting":{"compileHotReLoad":true},"description":"项目私有配置文件。此文件中的内容将覆盖 project.config.json 中的相同字段。项目的改动优先同步到此文件中。详见文档：https://developers.weixin.qq.com/miniprogram/dev/devtools/projectconfig.html","libVersion":"3.7.0","condition":{"miniprogram":{"list":[{"name":"","pathName":"pages/gold/reduce/index","query":"","launchMode":"default","scene":null},{"name":"","pathName":"pages/gold/index","query":"","launchMode":"default","scene":null},{"name":"pages/user/index","pathName":"pages/member/index","query":"","launchMode":"default","scene":null}]}}}